index,original_file,processed_file,mse_gray,psnr_gray_db,mean_abs_diff_gray,edge_var_original,edge_var_processed
1,0037.png,processed_005a4c26a482408685730d21a3a69075.jpg,9977.9482,8.14,64.8661,156.0573,471.0184
2,0287.png,processed_00ef5b8f8126456b9b50092c571e26dc.jpg,4333.7637,11.762,43.9231,110.7335,211.2293
3,0435.png,processed_027e1d8768534c9f9b731d47ea668fe0.jpg,7688.4419,9.272,51.4,154.483,152.2813
4,0458.png,processed_02c09c4285cd49189090ec8448134a64.jpg,12198.8271,7.268,73.1514,159.4091,344.2781
5,0689.png,processed_02d84851c7c244b195e563dadf990d35.jpg,6821.3701,9.792,57.9565,168.2322,248.6092
6,0720.png,processed_0521d32083ca430093e13413036a02a0.jpg,6267.4741,10.16,49.0865,114.6236,75.262
7,0789.png,processed_056e4677b6d04fadaa798ecd073bb513.jpg,9463.418,8.37,70.5988,166.962,234.1801
8,0840.png,processed_0775bc1c1b3c4a3c9720538f46c8877c.jpg,9150.707,8.516,66.392,121.8621,428.4596
9,0878.png,processed_07843b56c24645df8af97d4aee805bdf.jpg,19122.2246,5.315,98.865,151.4206,255.7896
10,0896.png,processed_07cdd2aa1b954c5ea4b472a65e0b4542.jpg,13841.9521,6.719,76.3618,236.1091,228.2299
11,0972.png,processed_093525172bae48d7a4f1257202757251.jpg,5884.9043,10.433,51.0457,168.9732,99.7103
12,0980.png,processed_0bd3990006d545c0898de40ffdc2ffa2.jpg,15343.167,6.272,102.7444,222.2069,99.4536
13,10059.png,processed_0bf6ce9fe54b4cd2bc8f4ad01a7f176c.jpg,7965.6729,9.119,52.1136,123.693,160.1773
14,10630.png,processed_0c4273a7a66248c49b0848161c51c09e.jpg,5299.5571,10.888,43.4681,103.8218,118.4004
15,10808.png,processed_0c9485ba8710442888d3842a24d1ebf0.jpg,9453.2158,8.375,58.0192,176.9117,164.5891
16,10868.png,processed_0d75f3e56a6a4e36b6a8d853527c2169.jpg,10701.6523,7.836,66.6106,483.1519,686.2911
17,1088.png,processed_0d8b81a5c0324773aa8472ee8c9d8917.jpg,7019.4736,9.668,56.0868,189.2728,145.2133
18,1092.png,processed_0e5628b69de54180815a6260b149a5a7.jpg,14710.7002,6.454,90.9601,33.0136,207.727
19,10984.png,processed_0fa89ea20c1044a9ab42cd1bbf767ee4.jpg,3783.6157,12.352,35.8075,149.5604,172.3377
20,11151.png,processed_0ffc696365f8422ba4788212d3d6698f.jpg,14901.4863,6.399,84.4821,82.009,365.6915
21,11198.png,processed_10048ea9ccb2472397ecdb7fd1717035.jpg,7408.6338,9.433,51.5044,104.0371,235.7033
22,11260.png,processed_11316b1dfbcb4057a4fd85b28cfadefa.jpg,7007.2852,9.675,46.6294,175.2644,136.7661
23,11441.png,processed_114ce6caadac4030a56dd1d5abd0e0ca.jpg,5527.9365,10.705,46.5578,77.014,104.2896
24,11464.png,processed_11fa1e682033450e95e5a842e0694792.jpg,5403.1621,10.804,46.8475,98.8266,83.2704
25,11570.png,processed_124f8bab4f9c4006ae5000690779027e.jpg,10268.4609,8.016,72.071,152.6114,132.9305
26,11633.png,processed_12c754f1b57c46ecad8672444e1807c4.jpg,8320.3115,8.929,58.3585,336.2968,70.4473
27,12000.png,processed_12ccfee4b3894f9cb12f81161f8e0f3b.jpg,9094.9092,8.543,65.3198,105.4496,291.9102
28,12068.png,processed_13df8968dd344d459df1ba072ff0e735.jpg,7088.3774,9.625,55.591,143.8879,67.0156
29,12105.png,processed_140a35f341ec4e5487dabcdc466e16c1.jpg,8847.8438,8.662,57.2547,188.0359,420.7738
30,12344.png,processed_1657fa750f4745fb8bbc2f2809a86c5a.jpg,8340.9131,8.919,55.8291,148.791,254.6955
31,12444.png,processed_17705645993c4154905fe524a6eafb82.jpg,6797.6582,9.807,56.5702,96.6894,192.4265
32,12503.png,processed_181293161ef34c8b94529566ace0a253.jpg,3937.1487,12.179,38.5406,207.8506,108.3091
33,12528.png,processed_187d072710174f32ab0699287e7b1630.jpg,9478.2256,8.364,81.4762,142.139,431.7861
34,12562.png,processed_18ce9063f2a64ec0abe5a73d4cf49b99.jpg,7322.9536,9.484,56.1641,339.0352,82.4293
35,12771.png,processed_19186b34a4b64568a4c4ba9b9f233f40.jpg,15139.3486,6.33,90.2546,191.022,286.8676
36,1282.png,processed_193f5e2669d94f31821755587df5231a.jpg,8032.4224,9.082,55.8731,113.6206,120.697
37,12974.png,processed_19dec2c38cb04cf1b6ffe619251e8069.jpg,6990.1157,9.686,59.5312,376.2433,69.1581
38,13050.png,processed_1aab5c5bc4644dd7a40accd7be1fac50.jpg,5049.4023,11.098,43.7893,51.076,281.5245
39,13162.png,processed_1be717784be04c53aa86a892f35fd58f.jpg,8283.2959,8.949,64.1711,71.9384,191.3936
40,13771.png,processed_1c4a054f50c24cf5a65ed3e96dff58bd.jpg,10505.6904,7.917,57.2465,124.5919,210.4544
41,13776.png,processed_1d23f784c178447c850fc8e27a21293f.jpg,8383.5273,8.897,56.3672,175.958,378.625
42,13860.png,processed_1d50e2f777004ea59c09edede64ad186.jpg,7021.4058,9.667,52.9707,167.6052,229.3742
43,13978.png,processed_1e7181e1f82f4afab2961827a6bf60e5.jpg,12800.4043,7.059,75.7377,476.5625,257.1847
44,14041.png,processed_1e752746354d46b3802df5928cf3d5cc.jpg,9834.5586,8.203,63.3805,349.249,263.2499
45,14094.png,processed_1f5283e9d3c14bc7a04aad2b4b30a3e4.jpg,6856.8218,9.77,53.8906,243.8484,525.9125
46,14119.png,processed_1f99d1193ec54823b53456cc5ae3b75f.jpg,3139.4648,13.162,28.1649,161.1303,102.1874
47,14183.png,processed_1fff53d39e7b4a7da1a7a61ddb3510ec.jpg,12041.2549,7.324,79.8832,280.0051,333.9866
48,14208.png,processed_20db829bd8de4331b725bb1ac994729a.jpg,2825.7444,13.619,26.2397,163.9901,35.1618
49,14213.png,processed_20ead6334f834fa1ae2ca925d3cb2251.jpg,6250.4634,10.172,53.5854,85.038,245.3981
50,14224.png,processed_20f3bc2ada5543cf883e21c9800da2b1.jpg,9275.8809,8.457,61.5156,182.0811,378.4169
51,14323.png,processed_21a70643cf7b440d85fb48b2cc989cfd.jpg,11183.0195,7.645,70.5602,125.7704,313.3432
52,14399.png,processed_21ad2b55a55c4a6da1842e6ac54f9ea9.jpg,5365.0229,10.835,48.4654,194.614,47.0218
53,14430.png,processed_21c2758a18f14e60aba4a809cc7563cd.jpg,5114.4336,11.043,41.6944,150.3198,84.1511
54,14548.png,processed_21ffb5ecaf794c628ce106cc9b1d44e5.jpg,14612.3008,6.484,78.6213,347.2231,424.2231
55,1473.png,processed_22bac203eaa348d78eb0e03a1a0c585e.jpg,11059.4014,7.693,82.7494,192.3382,241.202
56,14733.png,processed_23364feee355436cb12f3ea4073357b1.jpg,14950.7324,6.384,92.8423,132.3995,467.5002
57,1483.png,processed_238911871713432cb933ca451e5535bb.jpg,8272.0645,8.955,63.0122,132.1064,230.7491
58,14954.png,processed_24019392e902410c87839ffbd623c3f9.jpg,9926.9717,8.163,58.6446,112.9015,769.5838
59,15084.png,processed_2433c8f8f0d14680ace46f5b85e48358.jpg,6633.0801,9.914,49.7878,118.0688,275.1936
60,15190.png,processed_244d5e78cbec4512b0960597daaa3583.jpg,10046.9736,8.11,67.1539,686.3641,425.847
61,15193.png,processed_250ffdb3e9b848aa806bc9091ba824d4.jpg,9616.7441,8.301,71.0587,255.2323,110.3962
62,15230.png,processed_26282fd9516a4d40ac03151e0a65020a.jpg,6854.9365,9.771,51.2487,168.141,544.3269
63,15295.png,processed_27926090e6e04d468b3b47586008a971.jpg,8100.082,9.046,53.8589,433.3623,187.0546
64,1540.png,processed_27abf6e806f145b2bb6397b72df0302a.jpg,6359.8604,10.096,46.2849,286.4738,92.4842
65,15715.png,processed_27f44848c1f84ff5bcf2cee6dca0e925.jpg,7806.3906,9.206,52.9439,547.3347,558.5853
66,15741.png,processed_292509c826054ecf9d6f52a48ce57586.jpg,8199.4473,8.993,62.5826,143.5497,311.1654
67,1582.png,processed_293f60a9dddc4e25ac97f2fad9feb33b.jpg,6992.8613,9.684,47.7263,78.2642,201.3767
68,1606.png,processed_2b343a19c39e478180cfb3c7a547f478.jpg,16509.9824,5.953,96.8585,346.5363,693.134
69,16114.png,processed_2c175ea7bcad4490a9f92f214df929eb.jpg,7647.0786,9.296,54.3467,153.2585,159.9747
70,16136.png,processed_2cfa1b90beb54bf1874b135d415bfff9.jpg,32.9121,32.957,2.9326,101.0633,283.4724
71,16155.png,processed_2d576c2d847b41b2ab90ad34567c2dfc.jpg,4758.1777,11.356,38.7877,505.4838,342.1757
72,16162.png,processed_2d78d2e6770a41db84e27081e4877408.jpg,11500.4434,7.524,69.5045,184.9438,478.9137
73,16424.png,processed_2e8bc2b57e1943bebfb01d3e831a0dd6.jpg,10469.9795,7.931,69.7164,203.3266,220.9038
74,16437.png,processed_2eaaff2709a3453caa0a4e1fe1c7fd87.jpg,7191.5264,9.563,49.0451,106.5897,297.8101
75,16455.png,processed_2ecc182fcc304930ae36dd79d1c6b6b0.jpg,4784.2183,11.333,39.166,171.3897,154.6303
76,16516.png,processed_2f20a3cace504a029c543dcee4b97923.jpg,7474.168,9.395,57.3027,68.736,188.2518
77,16572.png,processed_30d0a3d8d1644df8a901ff5203e540a1.jpg,5354.4614,10.844,37.1065,62.6636,162.4541
78,16665.png,processed_31ba68f5f0764ea598fc5692b4c44e91.jpg,9568.0,8.323,62.4522,237.0507,229.9546
79,16704.png,processed_31f1837cea924d35915bc66738519c88.jpg,14097.4785,6.639,86.0587,120.6006,203.4548
80,16857.png,processed_3268e6022f19484287ab3147bbe8d40d.jpg,11739.1562,7.434,76.1168,176.6473,192.7637
81,16869.png,processed_32691d2842f747fbbbe96c8501e06282.jpg,6854.8906,9.771,55.2143,103.6899,744.6987
82,16889.png,processed_3541e21a159540099829dc2458da1dbe.jpg,10091.8154,8.091,80.5474,141.6817,99.4536
83,17107.png,processed_3562eee3536b4925bb711da15c4cf117.jpg,6829.7524,9.787,47.6023,139.757,326.6717
84,17198.png,processed_364d81b92cef44b5ba820b0cadb80f1d.jpg,9881.7109,8.182,65.1044,138.8781,297.1843
85,17232.png,processed_36cf8f2739014fec890cf64d3365d525.jpg,10448.3701,7.94,65.9601,304.8715,142.2659
86,17358.png,processed_36e6bac50202465a900a57ec322569d9.jpg,4641.2017,11.464,42.3779,142.2925,141.334
87,17598.png,processed_37e1584ac90344309c9511adc7404b78.jpg,6351.3311,10.102,46.194,120.8774,140.9094
88,17926.png,processed_37e2479609c6448b9570bf5b0e76851a.jpg,7208.3408,9.552,52.283,184.239,296.3643
89,18047.png,processed_3959ab816d0b4932821bc604f7c4bb46.jpg,9478.4893,8.363,62.4313,516.74,338.6959
90,18067.png,processed_39ab524acd544504adb121524e61a0a7.jpg,4928.0537,11.204,48.3392,181.3521,245.573
91,18072.png,processed_39d7f328c55648b1904522ca550115c0.jpg,10493.6318,7.922,68.7921,242.7308,251.8377
92,18256.png,processed_3adda960335d40a095010384d3b5d43d.jpg,9599.6328,8.308,69.769,214.2408,366.6595
93,18263.png,processed_3b1253ff6736423694d20a1ef5b4edaf.jpg,10414.2148,7.955,69.729,195.1219,594.0106
94,18365.png,processed_3b65dd6c6fac471dbc016e6e1d3fdc7c.jpg,9146.7705,8.518,63.9207,160.1611,212.4129
95,18423.png,processed_3b9f7e63fb1343088378f463fef575af.jpg,3707.6284,12.44,33.2679,77.6177,140.9642
96,18456.png,processed_3bed74b2df554036bb33f5b9c398342c.jpg,10915.8154,7.75,66.1156,212.7222,173.2112
97,1854.png,processed_3df3312bcd0647d5a75785ffda49b14a.jpg,20860.1836,4.938,108.5862,192.1962,152.1994
98,18748.png,processed_3e03c53e8ed44593bf397964a6d12dea.jpg,8658.7354,8.756,56.1756,179.1488,376.4326
99,19004.png,processed_3efd31ffeb7b4093b7c169a4d9df7c41.jpg,4088.5149,12.015,37.9023,163.2645,151.6278
100,19056.png,processed_400a55f89fcb4537ad2a575e1c9adc0a.jpg,6024.5425,10.332,41.9171,55.2415,80.8517
101,19143.png,processed_4027ac777e8447a6a81cb0088d57579d.jpg,8786.5664,8.693,59.4591,487.5496,320.6895
102,19333.png,processed_404a07abbc68448cb5af695596d330d5.jpg,8725.4287,8.723,54.8935,78.6017,135.3055
103,19344.png,processed_409fd6bb5c5d4a7cb0303fb8926a1789.jpg,5981.8862,10.362,53.8502,50.3163,283.1575
104,19363.png,processed_40a49d07b2904af286ac8142e913a175.jpg,27.8954,33.675,2.5857,88.1046,199.0252
105,19624.png,processed_40ea2feb3d7e4bf8b2441fdfdebd9f39.jpg,8389.2471,8.894,56.1624,199.6019,78.0638
106,19634.png,processed_41a11ea4c88e43188e2d33d50229d7e8.jpg,9825.5244,8.207,67.5238,98.6724,84.4359
107,19674.png,processed_430656201596453abe3bf70bbd415bf9.jpg,9894.083,8.177,66.3224,50.9125,99.0797
108,19705.png,processed_45103ba97d144b36b8e7c729e7d10371.jpg,5457.6816,10.761,42.3156,92.6748,285.9485
109,19759.png,processed_45797a73190f49f39c0f6dfe9765ba88.jpg,5479.0542,10.744,44.1278,251.3597,245.3021
110,20039.png,processed_45927de4efb248e6af4bf8e98ffc7c1c.jpg,4496.8174,11.602,44.3223,197.0029,115.8219
111,2008.png,processed_459e3647fcf64bdeb537d63aeddccf75.jpg,8484.9727,8.844,55.4393,111.7739,195.5345
112,20093.png,processed_45bfc1ceca0e4a8aa5a04cf92509b0eb.jpg,11187.5557,7.643,76.1816,1828.8135,339.6209
113,20169.png,processed_469c0ec01daa438aabd84120fabcc061.jpg,6488.8149,10.009,52.9447,186.254,583.0794
114,20184.png,processed_4779fe44a0a54e3da50898e19c2d0f38.jpg,10101.082,8.087,62.1675,138.3584,228.5423
115,20221.png,processed_47f6f87389a84507b549bbee71fc8f62.jpg,9555.7188,8.328,63.5724,96.435,93.9115
116,20295.png,processed_48c5ded3f0a04d65b91ec0d8631d1d59.jpg,3201.6624,13.077,33.2596,92.7371,111.5596
117,20421.png,processed_49968fa62cf644dd9951eba695b4be17.jpg,10456.7559,7.937,71.3247,96.0527,414.5864
118,20490.png,processed_4a22f8392e7d4d878657ad8cf21434cb.jpg,3760.2134,12.379,37.765,190.1181,255.7861
119,2058.png,processed_4a3cfbc9f03048d1baf319536942bc9e.jpg,5294.2002,10.893,45.1437,174.7548,169.8435
120,20615.png,processed_4b0eacd506ca4b4081c7523ca064f627.jpg,6512.9648,9.993,49.1742,150.6548,264.0269
121,20773.png,processed_4b18980e39eb44c4a09229e310a9decc.jpg,13455.1826,6.842,75.8012,178.2012,333.7152
122,20929.png,processed_4b6eb875ec324dcabfcc83812b89738a.jpg,9794.0244,8.221,62.7225,314.496,543.2391
123,21156.png,processed_4c762a5e729d4506b170f2ce7de2bb0f.jpg,11385.8418,7.567,72.222,199.6973,207.4158
124,2116.png,processed_4ca14f25f5c14fff9bebb3a6f66a20c7.jpg,8681.6465,8.745,64.8528,155.0897,316.9134
125,21178.png,processed_4caeb915ff79492197c1c3acaf3505f1.jpg,13842.0615,6.719,88.8752,460.3885,175.7784
126,21243.png,processed_4dc7badd735b47ba974953050aed18ba.jpg,8790.2676,8.691,53.9234,189.3038,67.5222
127,2127.png,processed_4fa1860064c94db4bc02a5f35c757834.jpg,11763.5293,7.425,74.2929,140.4569,154.36
128,21359.png,processed_4ff5c10b897c486bb8949bc30941c94b.jpg,9130.75,8.526,61.3169,372.3512,102.7717
129,21370.png,processed_50d1f7a0be884cf7af69d4d724c699af.jpg,9139.3252,8.522,58.4374,72.9858,451.9077
130,21378.png,processed_50e387253a9d491abc2d162db02e2e13.jpg,8349.9707,8.914,66.3948,118.1066,387.5335
131,21447.png,processed_5188bbd147cf4a468b701253a6fafd1f.jpg,11264.4863,7.614,73.9766,254.2847,218.9961
132,21511.png,processed_5215884a7c8e4709b9394674563d2280.jpg,10041.7422,8.113,76.3839,151.3859,185.4715
133,21516.png,processed_534b54ec354f45dd8dde3072f59ba294.jpg,8030.2715,9.084,62.3318,166.1568,269.06
134,21608.png,processed_53571145830f431f92797248eeea39f2.jpg,13013.6045,6.987,82.5433,755.754,214.9344
135,21887.png,processed_535db14d0bd04a51bc8e38c9c3dd670b.jpg,10245.2471,8.026,70.9618,101.3059,170.7246
136,21904.png,processed_537f843503b2469b9da68e96c3a89e2e.jpg,5302.791,10.886,50.0225,156.2302,54.8878
137,2314.png,processed_5391ec2c823a483789a8d69fa5a89ca7.jpg,6686.5737,9.879,49.6805,96.0604,185.4914
138,2333.png,processed_542b8ff4ca2c4e3899b40a9901484877.jpg,10870.7314,7.768,73.9607,284.9288,308.4269
139,2364.png,processed_55c9617698db4b15aade3e294383f2b6.jpg,10116.1182,8.081,70.3906,246.996,250.09
140,2533.png,processed_56242c93b0674d1791c0f1c19ec9e5bf.jpg,10727.9326,7.826,63.6695,157.6183,243.8456
141,2583.png,processed_565ce617410b4366acbfdbbae5c078f5.jpg,7215.8447,9.548,51.6149,131.5249,594.8501
142,2591.png,processed_573ebbe3e78143d583db4ddc3e286205.jpg,9460.752,8.372,65.3399,143.4708,253.8435
143,2708.png,processed_573facc591b24f5a98f77ae129aacc0c.jpg,7213.1289,9.55,51.5339,102.459,268.6793
144,2836.png,processed_57a208ebb01548889548bdb49e738aa7.jpg,5057.4443,11.091,49.4329,262.8557,402.0217
145,2895.png,processed_57ae339a64104128a0ab4ba78a489fda.jpg,8819.959,8.676,63.5441,221.1941,283.0125
146,3050.png,processed_57e45c364d1a49d8bbce77d2021ee418.jpg,9185.1426,8.5,60.5223,202.3588,358.811
147,3168.png,processed_581a572d29b64ca98209c310c8566a79.jpg,13148.8164,6.942,83.5675,384.8346,125.3719
148,3203.png,processed_5820a4a0783d45e3bc0afd002218f740.jpg,5867.6875,10.446,53.4144,111.526,50.5023
149,3549.png,processed_58d47e5c0b3a4ff3966f7369c48ee9a9.jpg,10045.0352,8.111,65.0332,126.1016,605.3572
150,3684.png,processed_5a2787fdc215492baf503178264c6619.jpg,7735.2822,9.246,54.1754,126.9423,166.2553
151,3781.png,processed_5a6262f2cd264684bf4a007671088f4e.jpg,12633.7041,7.115,78.312,113.4076,252.2813
152,3829.png,processed_5acf646b07cf474187d1890326988517.jpg,8228.0674,8.978,52.3784,143.6044,187.5681
153,4247.png,processed_5b8eaad5ff374354a4492216a699c815.jpg,14170.0449,6.617,84.7144,166.5166,562.3878
154,4264.png,processed_5d887a4fe1ae43288df5bd6e19df1d7b.jpg,11308.916,7.597,73.5757,211.1285,415.7844
155,4471.png,processed_5e82538ae46a4a4abe4976953d8321eb.jpg,10765.4414,7.81,64.1301,101.9263,442.5897
156,4622.png,processed_5f2a04cce9db4ef4a594efd1c76dfa3e.jpg,6744.4385,9.841,55.7733,123.7849,92.7682
157,4818.png,processed_5f2c47f4c7d44b7ea8073563079f48c7.jpg,6757.9385,9.833,51.5079,512.9204,179.8487
158,4904.png,processed_5f8c750dbcf748ea8d08ec8ba096c3c7.jpg,5824.7881,10.478,56.5739,259.9228,76.0312
159,5154.png,processed_60b418834c924d06856036e3267258fb.jpg,6942.708,9.716,51.2676,93.2137,114.915
160,5193.png,processed_61778c902d6347fd85b34699526658cd.jpg,9964.1504,8.146,64.9402,151.3475,128.2166
161,5443.png,processed_62174f4410c84ddeaee8c37313efa6dc.jpg,10447.4482,7.941,67.5522,176.1027,391.9105
162,5458.png,processed_6222b167823247edaf1aa23bb269ec08.jpg,11239.8096,7.623,72.3574,229.5664,434.4453
163,5756.png,processed_62732e17e5c240efbc324ffd9c3912f4.jpg,10685.6895,7.843,70.6914,196.3185,221.2735
164,5847.png,processed_62eacf388268456da6710b2aae570973.jpg,8134.5742,9.027,49.6782,78.2105,210.3317
165,6019.png,processed_64a5b32543fd4de5bc7c1f0339a32fa7.jpg,4842.2334,11.28,44.8964,115.8443,203.2636
166,6049.png,processed_64b6dc1e07f846ef8ffd64052d29caf4.jpg,6561.0381,9.961,55.038,133.9988,62.6087
167,6153.png,processed_65f2899bda6144eea1d4d3caf7602bb9.jpg,10802.8672,7.795,71.7804,557.3641,840.8886
168,6332.png,processed_677b32c125ca4668bbf7db5d47507556.jpg,9378.7764,8.409,63.2479,215.2351,169.461
169,7047.png,processed_67febda5a3004e34810dcbf98ca5e195.jpg,5969.8442,10.371,45.4623,197.7585,265.5909
170,7156.png,processed_68f96b38ab644f73b7792670cde77747.jpg,3991.9707,12.119,41.4665,276.1617,124.3287
171,7298.png,processed_696b510ffba1461d893d8828c3e22238.jpg,11252.3984,7.618,82.7332,113.7946,216.3282
172,7431.png,processed_6adf8041c98e4c999b1a90075cb4c18f.jpg,12321.6133,7.224,86.2432,221.9234,78.8212
173,7509.png,processed_6b45b30eabf14f8ab4b9411a5f601e1b.jpg,6134.0103,10.253,48.0792,125.0545,192.9088
174,7559.png,processed_6b59d10b48cc413cbade04b663b8f58c.jpg,9507.2207,8.35,59.9997,212.0924,190.4585
175,7822.png,processed_6b8d7b904011444a802b13d0e18a6547.jpg,8045.1021,9.075,55.6223,159.6093,421.8074
176,7969.png,processed_6c8e7a58124a4a7494ba0704346c7449.jpg,6572.2983,9.954,55.5445,69.5468,232.4662
177,8013.png,processed_6ed325b429df40479d6bdfa8332391b4.jpg,6404.6821,10.066,46.2772,216.9887,212.6951
178,8061.png,processed_6ee862c0531746acba36e95f975e4463.jpg,6578.2212,9.95,52.3126,88.286,431.0808
179,8189.png,processed_6f15d746d03742a19c2eebbfb1e13415.jpg,9479.9355,8.363,59.4994,58.8433,101.461
180,8282.png,processed_6f2f782bb44f4d4aad3088bb15e3ef26.jpg,8117.9629,9.036,55.0338,296.4742,236.359
181,8499.png,processed_6f67dfa4ef9a4f7cbd89ce76e4578c97.jpg,9073.5127,8.553,62.2702,105.5455,391.4535
182,8700.png,processed_6f79f4b58cc54bf48bb5ced22aadec87.jpg,7003.3081,9.678,58.8788,97.379,88.2765
183,8809.png,processed_70b6259f119e46a9bffda38b43d9f5e9.jpg,7250.2461,9.527,57.3586,94.0536,223.3564
184,8848.png,processed_720abf3db6fd43529fd87469193f0b36.jpg,10534.7246,7.905,68.2702,112.6002,252.0932
185,8939.png,processed_72912d5b3faa4781b5470f3b83ac6096.jpg,5748.5498,10.535,42.1334,216.575,209.6869
186,8963.png,processed_72c115c19b2e4ad29dca4b5d7e8b688b.jpg,11422.0039,7.553,71.9213,97.185,257.4026
187,9005.png,processed_7306c07828344a67ba1e838a98539cdc.jpg,3805.3584,12.327,36.3246,81.4954,29.7184
188,9082.png,processed_733ab92c63b242a49f2c471cd678eaac.jpg,7175.6812,9.572,66.69,87.8788,478.5268
189,9141.png,processed_73d83246525d461ebe8fba5807408ff3.jpg,2255.5432,14.598,24.7358,58.6634,65.5671
190,9278.png,processed_75b302822c3744149686de63102a64b5.jpg,8559.832,8.806,67.9691,251.3055,360.1404
191,9316.png,processed_75c4ef74b68043dfadcd23a55e284266.jpg,6369.1089,10.09,48.595,227.89,266.4484
192,9439.png,processed_760587630fb94d00a603fecef84f2ed6.jpg,9474.5391,8.365,67.9211,203.4854,203.162
193,9470.png,processed_76607445cf384fad89d6dc2f9c5adc84.jpg,8285.3447,8.948,55.8346,137.3739,248.7456
194,9541.png,processed_76fbff3eb58b4df4a258f3e95603958c.jpg,2788.6421,13.677,31.131,166.3595,28.8545
195,9560.png,processed_787d95fcc4ea451480a6487088a18ff0.jpg,8507.2344,8.833,60.5126,136.6154,191.5857
196,9583.png,processed_790371a4437341dc85be73f6ff48b76c.jpg,6939.3701,9.718,50.1375,140.5441,159.0113
197,9654.png,processed_7988fee89b2f4907a3ce8c06185d844d.jpg,12482.6064,7.168,72.6447,123.3025,179.0067
198,9744.png,processed_7a07262da503478abd6a03b6683eb39d.jpg,8007.6797,9.096,59.1282,135.5379,142.9321
199,9869.png,processed_7aa5c6a01b5d45a19a2688bc5a9e9d8e.jpg,9382.5557,8.408,59.0484,250.3494,133.4428
200,9933.png,processed_7b79d384fab842689115e200b0e461ee.jpg,5660.0591,10.603,44.421,82.424,249.0672
